old_url,mockup_page,status
https://www.sknlab.co.uk/,index.html,Mapped for review; redirect not deployed
https://www.sknlab.co.uk,index.html,Mapped for review; redirect not deployed
https://www.sknlab.co.uk/termsandconditions,terms-and-conditions.html,Mapped for review; redirect not deployed
https://www.sknlab.co.uk/about-3,privacy-policy.html,Mapped for review; redirect not deployed
https://www.sknlab.co.uk/contactus,contact.html,Mapped for review; redirect not deployed
https://www.sknlab.co.uk/leisonandmoleremoval,leisonandmoleremoval.html,Mapped for review; redirect not deployed
https://www.sknlab.co.uk/registration,treatments.html,Mapped for review; redirect not deployed
https://www.sknlab.co.uk/plasmapenskintightening,plasmapenskintightening.html,Mapped for review; redirect not deployed
https://www.sknlab.co.uk/plasmapenskinrejuvenation,plasmapenskinrejuvenation.html,Mapped for review; redirect not deployed
https://www.sknlab.co.uk/antiwrinkleinjections,antiwrinkleinjections.html,Mapped for review; redirect not deployed
https://www.sknlab.co.uk/laser,laser.html,Mapped for review; redirect not deployed
https://www.sknlab.co.uk/microneedlingandmesotherapy,microneedlingandmesotherapy.html,Mapped for review; redirect not deployed
https://www.sknlab.co.uk/teartroughskinboosters,teartroughskinboosters.html,Mapped for review; redirect not deployed
https://www.sknlab.co.uk/vitamininjections,vitamininjections.html,Mapped for review; redirect not deployed
https://www.sknlab.co.uk/exosomes,exosomes.html,Mapped for review; redirect not deployed
https://www.sknlab.co.uk/privatebloodtesting,privatebloodtesting.html,Mapped for review; redirect not deployed
https://www.sknlab.co.uk/ritualreleaseterms,ritualreleaseterms.html,Mapped for review; redirect not deployed
https://www.sknlab.co.uk/platelet-rich-plasma,platelet-rich-plasma.html,Mapped for review; redirect not deployed
https://www.sknlab.co.uk/skinboosters,skinboosters.html,Mapped for review; redirect not deployed
https://www.sknlab.co.uk/membership,membership.html,Mapped for review; redirect not deployed
https://www.sknlab.co.uk/chemicalpeels,chemicalpeels.html,Mapped for review; redirect not deployed
https://www.sknlab.co.uk/lemonbottle,lemonbottle.html,Mapped for review; redirect not deployed
https://www.sknlab.co.uk/consultations,consultations.html,Mapped for review; redirect not deployed
https://www.sknlab.co.uk/inquiry-services-page,inquiry-services-page.html,Mapped for review; redirect not deployed
https://www.sknlab.co.uk/aftercare,aftercare.html,Mapped for review; redirect not deployed
https://www.sknlab.co.uk/coming-soon-02,coming-soon-02.html,Mapped for review; redirect not deployed
https://www.sknlab.co.uk/vitamindrips,vitamindrips.html,Mapped for review; redirect not deployed
https://www.sknlab.co.uk/dermalfillers,dermalfillers.html,Mapped for review; redirect not deployed
https://www.sknlab.co.uk/projects-8,projects-8.html,Mapped for review; redirect not deployed
https://www.sknlab.co.uk/injectablevitamins,injectablevitamins.html,Mapped for review; redirect not deployed
